"Account","RouteTable","Route","Connection"
"PipelineProd","rtb-20db2144","10.65.0.0/17","pcx-0518b26c"
"PipelineProd","rtb-20db2144","10.130.0.0/16","pcx-aa6cd9c3"
"PipelineProd","rtb-20db2144","10.131.0.0/16","pcx-d56cd9bc"
"PipelineProd","rtb-26db2142","10.130.0.0/16","pcx-aa6cd9c3"
"PipelineProd","rtb-26db2142","10.131.0.0/16","pcx-d56cd9bc"
"PipelineProd","rtb-622a2007","10.65.0.0/17","pcx-a0b325c9"
"PipelineProd","rtb-25db2141","10.65.0.0/17","pcx-0518b26c"
"PipelineProd","rtb-25db2141","10.130.0.0/16","pcx-aa6cd9c3"
"PipelineProd","rtb-25db2141","10.131.0.0/16","pcx-d56cd9bc"
"PipelineProd","rtb-23db2147","10.65.0.0/17","pcx-0518b26c"
"PipelineProd","rtb-23db2147","10.129.0.0/16","pcx-aa6cd9c3"
"PipelineProd","rtb-23db2147","10.131.0.0/16","pcx-aa6cd9c3"
"PipelineProd","rtb-2cdb2148","10.65.0.0/17","pcx-0518b26c"
"PipelineProd","rtb-2cdb2148","10.129.0.0/16","pcx-d56cd9bc"
"PipelineProd","rtb-2cdb2148","10.131.0.0/16","pcx-d56cd9bc"
"PipelineProd","rtb-59db213d","10.65.0.0/17","pcx-0518b26c"
"PipelineProd","rtb-59db213d","10.129.0.0/16","pcx-08423361"
"PipelineProd","rtb-59db213d","10.131.0.0/16","pcx-d56cd9bc"
"PipelineDev","rtb-f1da2095","10.129.0.0/16","pcx-d96cd9b0"
"PipelineDev","rtb-f2da2096","10.129.0.0/16","pcx-d96cd9b0"
"PipelineDev","rtb-fdda2099","10.129.0.0/16","pcx-d96cd9b0"
"LegacyProd","rtb-ba8b0ddf","10.64.0.0/16","pcx-d56cd9bc"
"LegacyProd","rtb-ba8b0ddf","10.65.0.0/16","pcx-d26cd9bb"
"LegacyProd","rtb-ba8b0ddf","10.129.0.0/16","pcx-c47ebdad"
"LegacyProd","rtb-ba8b0ddf","10.130.0.0/16","pcx-cf70bda6"
"LegacyProd","rtb-71961014","10.64.0.0/16","pcx-aa6cd9c3"
"LegacyProd","rtb-71961014","10.131.0.0/16","pcx-cf70bda6"
"LegacyProd","rtb-f8890f9d","10.64.75.107/32","pcx-689e3701"
"LegacyProd","rtb-f8890f9d","10.64.0.0/16","pcx-d56cd9bc"
"LegacyProd","rtb-f8890f9d","10.65.0.0/16","pcx-d26cd9bb"
"LegacyProd","rtb-f8890f9d","10.129.0.0/16","pcx-c47ebdad"
"LegacyProd","rtb-f8890f9d","10.130.0.0/16","pcx-cf70bda6"
"LegacyProd","rtb-cf8b0daa","10.64.0.0/16","pcx-aa6cd9c3"
"LegacyProd","rtb-cf8b0daa","10.131.0.0/16","pcx-cf70bda6"
"LegacyProd","rtb-719a5515","10.64.0.0/16","pcx-aa6cd9c3"
"LegacyProd","rtb-719a5515","10.131.0.0/16","pcx-cf70bda6"
"LegacyProd","rtb-c4890fa1","10.64.75.107/32","pcx-689e3701"
"LegacyProd","rtb-c4890fa1","10.64.64.0/20","pcx-689e3701"
"LegacyProd","rtb-c4890fa1","10.64.0.0/16","pcx-d56cd9bc"
"LegacyProd","rtb-c4890fa1","10.65.0.0/16","pcx-d26cd9bb"
"LegacyProd","rtb-c4890fa1","10.129.0.0/16","pcx-c47ebdad"
"LegacyProd","rtb-c4890fa1","10.130.0.0/16","pcx-cf70bda6"
"LegacyProd","rtb-ad9a55c9","10.64.75.107/32","pcx-689e3701"
"LegacyProd","rtb-ad9a55c9","10.64.0.0/16","pcx-d56cd9bc"
"LegacyProd","rtb-ad9a55c9","10.65.0.0/16","pcx-d26cd9bb"
"LegacyProd","rtb-ad9a55c9","10.129.0.0/16","pcx-c47ebdad"
"LegacyProd","rtb-ad9a55c9","10.130.0.0/16","pcx-cf70bda6"
"LegacyProd","rtb-22961047","10.6.0.0/17","pcx-cf70bda6"
"LegacyProd","rtb-22961047","10.64.0.0/16","pcx-aa6cd9c3"
"LegacyProd","rtb-22961047","10.131.0.0/16","pcx-cf70bda6"
"LegacyDev","rtb-75b4c711","10.65.0.0/17","pcx-d96cd9b0"
"LegacyDev","rtb-75b4c711","10.131.0.0/16","pcx-c47ebdad"
"LegacyDev","rtb-e87d2f8c","10.65.0.0/16","pcx-d96cd9b0"
"LegacyDev","rtb-e87d2f8c","10.131.0.0/16","pcx-c47ebdad"
"LegacyDev","rtb-ec41be88","10.65.0.0/17","pcx-d96cd9b0"
"LegacyDev","rtb-ec41be88","10.131.0.0/16","pcx-c47ebdad"
"LegacyDev","rtb-51532934","10.65.0.0/17","pcx-d96cd9b0"
"LegacyDev","rtb-51532934","10.131.0.0/16","pcx-c47ebdad"
"LegacyDev","rtb-826230e6","10.65.0.0/17","pcx-d96cd9b0"
"LegacyDev","rtb-826230e6","10.131.0.0/16","pcx-c47ebdad"
"LegacyDev","rtb-fdf47298","10.65.0.0/17","pcx-d96cd9b0"
"LegacyDev","rtb-fdf47298","10.131.0.0/16","pcx-c47ebdad"
"LegacyDev","rtb-16f07673","10.64.0.0/17","pcx-08423361"
"LegacyDev","rtb-16f07673","10.65.0.0/16","pcx-d96cd9b0"
"LegacyDev","rtb-16f07673","10.131.0.0/16","pcx-c47ebdad"
